epoch,step,train_loss,val_loss
0,167,,0.10937066376209259
0,167,0.22044120728969574,
1,335,,0.07722969353199005
1,335,0.07444377988576889,
2,503,,0.06656980514526367
2,503,0.05656396970152855,
3,671,,0.05369952693581581
3,671,0.04787110537290573,
4,839,,0.048430345952510834
4,839,0.04249929264187813,
5,1007,,0.09416893124580383
5,1007,0.04162798449397087,
6,1175,,0.04555164650082588
6,1175,0.043207354843616486,
7,1343,,0.042314354330301285
7,1343,0.032987937331199646,
8,1511,,0.04222395271062851
8,1511,0.03355642408132553,
9,1679,,0.04201710224151611
9,1679,0.030024150386452675,
10,1847,,0.03234022483229637
10,1847,0.029469618573784828,
11,2015,,0.0426238514482975
11,2015,0.025368670001626015,
12,2183,,0.043390825390815735
12,2183,0.03004833497107029,
13,2351,,0.05843627452850342
13,2351,0.034826409071683884,
14,2519,,0.033617906272411346
14,2519,0.028633899986743927,
15,2687,,0.02958633191883564
15,2687,0.02382958121597767,
16,2855,,0.029043640941381454
16,2855,0.02065110392868519,
17,3023,,0.026916999369859695
17,3023,0.022695472463965416,
18,3191,,0.030503317713737488
18,3191,0.021662864834070206,
19,3359,,0.04272918775677681
19,3359,0.024093562737107277,
20,3527,,0.025310596451163292
20,3527,0.022660940885543823,
21,3695,,0.02832767367362976
21,3695,0.017789190635085106,
22,3863,,0.024657834321260452
22,3863,0.018158216029405594,
23,4031,,0.024188213050365448
23,4031,0.01827501878142357,
24,4199,,0.029347924515604973
24,4199,0.01697271503508091,
25,4367,,0.026215292513370514
25,4367,0.0184777844697237,
26,4535,,0.023151351138949394
26,4535,0.01769094355404377,
27,4703,,0.02498646266758442
27,4703,0.017894525080919266,
28,4871,,0.019984222948551178
28,4871,0.01620621420443058,
29,5039,,0.021428966894745827
29,5039,0.014006148092448711,
30,5207,,0.026787906885147095
30,5207,0.015666816383600235,
31,5375,,0.02171248197555542
31,5375,0.020773816853761673,
32,5543,,0.0204897653311491
32,5543,0.01495883334428072,
33,5711,,0.01910453662276268
33,5711,0.013125158846378326,
34,5879,,0.01737603358924389
34,5879,0.013691497035324574,
35,6047,,0.01682830974459648
35,6047,0.011632850393652916,
36,6215,,0.02085571177303791
36,6215,0.014021137729287148,
37,6383,,0.026204831898212433
37,6383,0.012072399258613586,
38,6551,,0.028783513233065605
38,6551,0.019299644976854324,
39,6719,,0.01888658106327057
39,6719,0.015181084163486958,
40,6887,,0.015513505786657333
40,6887,0.01275659166276455,
41,7055,,0.015882840380072594
41,7055,0.009928152896463871,
42,7223,,0.015434729866683483
42,7223,0.009140332229435444,
43,7391,,0.013582749292254448
43,7391,0.009274006821215153,
44,7559,,0.021676531061530113
44,7559,0.011329867877066135,
45,7727,,0.01429601851850748
45,7727,0.010017955675721169,
46,7895,,0.014986280351877213
46,7895,0.010858714580535889,
47,8063,,0.019352499395608902
47,8063,0.011228987947106361,
48,8231,,0.012193051166832447
48,8231,0.009179024025797844,
49,8399,,0.013218590058386326
49,8399,0.007783691398799419,
50,8567,,0.010491453111171722
50,8567,0.007287423126399517,
51,8735,,0.01406834926456213
51,8735,0.007130404468625784,
52,8903,,0.01180272363126278
52,8903,0.00981578417122364,
53,9071,,0.010128802619874477
53,9071,0.006973452400416136,
54,9239,,0.009733456186950207
54,9239,0.006408771499991417,
55,9407,,0.011216665618121624
55,9407,0.006652386859059334,
56,9575,,0.010482125915586948
56,9575,0.007083444856107235,
57,9743,,0.010369539260864258
57,9743,0.006770401727408171,
58,9911,,0.011563815176486969
58,9911,0.006703496910631657,
59,10079,,0.012293973937630653
59,10079,0.0057534873485565186,
60,10247,,0.008569885045289993
60,10247,0.005425439216196537,
61,10415,,0.008916896767914295
61,10415,0.005447622388601303,
62,10583,,0.013709700666368008
62,10583,0.005991438869386911,
63,10751,,0.0096061360090971
63,10751,0.006909343414008617,
64,10919,,0.008060114458203316
64,10919,0.005317647475749254,
65,11087,,0.008566568605601788
65,11087,0.004690428264439106,
66,11255,,0.007744922302663326
66,11255,0.006721039768308401,
67,11423,,0.01385821495205164
67,11423,0.0045957681722939014,
68,11591,,0.011725983582437038
68,11591,0.006804324686527252,
69,11759,,0.010002207942306995
69,11759,0.007227024529129267,
70,11927,,0.012490321882069111
70,11927,0.008125253021717072,
71,12095,,0.007970582693815231
71,12095,0.005453372374176979,
72,12263,,0.007948446087539196
72,12263,0.004985253792256117,
73,12431,,0.010431922040879726
73,12431,0.004617852158844471,
74,12599,,0.008230229839682579
74,12599,0.005002730060368776,
75,12767,,0.006309722550213337
75,12767,0.004434467758983374,
76,12935,,0.005617049057036638
76,12935,0.0037003536708652973,
77,13103,,0.005545496940612793
77,13103,0.003624493023380637,
78,13271,,0.006352728698402643
78,13271,0.003247967455536127,
79,13439,,0.00715654669329524
79,13439,0.003464084817096591,
80,13607,,0.005175681784749031
80,13607,0.0032807262614369392,
81,13775,,0.005462676286697388
81,13775,0.0036805898416787386,
82,13943,,0.005211662035435438
82,13943,0.003661108436062932,
83,14111,,0.004971945192664862
83,14111,0.003292619250714779,
84,14279,,0.004964360501617193
84,14279,0.0029646302573382854,
85,14447,,0.004416781477630138
85,14447,0.0029520061798393726,
86,14615,,0.005501215346157551
86,14615,0.002667440799996257,
87,14783,,0.005025204736739397
87,14783,0.0033805298153311014,
88,14951,,0.004721581935882568
88,14951,0.0034477885346859694,
89,15119,,0.0049138739705085754
89,15119,0.002797970548272133,
90,15287,,0.005620868876576424
90,15287,0.0024762973189353943,
91,15455,,0.005091059021651745
91,15455,0.00342632457613945,
92,15623,,0.0046651181764900684
92,15623,0.002776606474071741,
93,15791,,0.004516674671322107
93,15791,0.002370888600125909,
94,15959,,0.004290295764803886
94,15959,0.002367332112044096,
95,16127,,0.0038998557720333338
95,16127,0.0023744204081594944,
96,16295,,0.006032224278897047
96,16295,0.0021654623560607433,
97,16463,,0.0038050361908972263
97,16463,0.0024790784809738398,
98,16631,,0.0037489510141313076
98,16631,0.0020354732405394316,
99,16799,,0.0036274620797485113
99,16799,0.001963151851668954,
100,16967,,0.0045892102643847466
100,16967,0.0023987183813005686,
101,17135,,0.003707036841660738
101,17135,0.001970954705029726,
102,17303,,0.00362274213694036
102,17303,0.0019752841908484697,
103,17471,,0.006433574948459864
103,17471,0.0022064282093197107,
104,17639,,0.0036063992884010077
104,17639,0.0023446043487638235,
105,17807,,0.003744629444554448
105,17807,0.0018527264473959804,
106,17975,,0.0035086816642433405
106,17975,0.0018333932384848595,
107,18143,,0.003548758802935481
107,18143,0.0017364429077133536,
108,18311,,0.0039749061688780785
108,18311,0.001854988862760365,
109,18479,,0.0033652205020189285
109,18479,0.001835908624343574,
110,18647,,0.0031518135219812393
110,18647,0.0017734005814418197,
111,18815,,0.0034214314073324203
111,18815,0.0015996417496353388,
112,18983,,0.0034325148444622755
112,18983,0.0016211533220484853,
113,19151,,0.005072891246527433
113,19151,0.0018132705008611083,
114,19319,,0.004865515045821667
114,19319,0.003981348127126694,
115,19487,,0.004014036152511835
115,19487,0.0019483172800391912,
116,19655,,0.005384264513850212
116,19655,0.0016083961818367243,
117,19823,,0.0030688494443893433
117,19823,0.001887670368887484,
118,19991,,0.002852057106792927
118,19991,0.0013078141491860151,
119,20159,,0.0035753638949245214
119,20159,0.0012557131703943014,
120,20327,,0.0027784050907939672
120,20327,0.0015217952895909548,
121,20495,,0.0028202850371599197
121,20495,0.0010867437813431025,
122,20663,,0.0029698663856834173
122,20663,0.0010798749281093478,
123,20831,,0.002762207295745611
123,20831,0.0013034326257184148,
124,20999,,0.003837275318801403
124,20999,0.001305178040638566,
125,21167,,0.0031225422862917185
125,21167,0.0018630014965310693,
126,21335,,0.003005195176228881
126,21335,0.0012733165640383959,
127,21503,,0.0028346420731395483
127,21503,0.001370745012536645,
128,21671,,0.0025182501412928104
128,21671,0.0008979911217465997,
129,21839,,0.002370094181969762
129,21839,0.0008575255633331835,
130,22007,,0.0023928037844598293
130,22007,0.0008679028833284974,
131,22175,,0.0023132599890232086
131,22175,0.0008665526984259486,
132,22343,,0.002335804980248213
132,22343,0.0008818637579679489,
133,22511,,0.0024944196920841932
133,22511,0.0008914461359381676,
134,22679,,0.002554983599111438
134,22679,0.000867196184117347,
